Neural Network Name	 Layer Number	 NumPEs	 Runtime (Cycles)	 Activity count-based Energy (nJ)	 Throughput (MACs/Cycle)	 Throughput Per Energy (GMACs/s*J)	 Area	 Power	 NoC BW Req (Elements/cycle)	 Avg BW Req	 Peak BW Req	 Vector Width	 Offchip BW Req (Elements/cycle)	  L2 SRAM Size Req (Bytes)	 L1 SRAM Size Req (Bytes)	 Multicasting Factor (Weight)	 Multicasting Factor (Input)	 Num Total Input Pixels	 Num Total Weight Pixels	 Ops/J	 Num MACs	 PE power	 L1 power	 L2 power	 NOC power	 input l1 read	 input l1 write	 input l2 read	 input l2 write	 input reuse factor	filter l1 read	 filter l1 write	 filter l2 read	 filter l2 write	 filter reuse factor	output l1 read	 output l1 write	 output l2 read	 output l2 write	 output reuse factor	Ingress Delay (Min)	 Ingress Delay (Max)	 Ingress Delay (Avg)	 Egress Delay (Min)	 Egress Delay (Max)	  Egress Delay (Avg)	Compute Delay (Min)	 Compute Delay (Min)	 Compute Delay (Avg)	Avg number of utilized PEs	 Arithmetic Intensity
lenet	CONV1	64	2049	13.1576	0.499756	3.79822e+07	9.84838e+09	77462.5	1	0.499023	1	1	1	6	6	1	1	1024	1	7.78255e+10	1024	78.2272	1.3248	0.0207	77382.9	1024	 1024	 1024	 1024	 1	 1024	 1	 1	 1	 1024	 1024	 1024	 1024	 1024	 1	 1	 1	 1	 1	 1	 1	 2	 2	 2	 1	 1
lenet	CONV2	64	13609	44.9444	0.666618	1.48321e+07	9.84838e+09	77463.9	1	0.345459	1	1	1	10	12	1	1	784	12	2.01849e+11	9072	78.2272	2.6496	0.0345	77382.9	9072	 4694	 4694	 784	 1.93268	 9072	 12	 12	 12	 756	 9072	 9072	 4536	 4536	 1	 1	 1	 1	 1	 1	 1	 3	 3	 3	 1	 2
lenet	CONV3	64	1441	24.2723	2.66482	1.09788e+08	9.84838e+09	77468.5	4	0.9	4	1	4	76	32	1	1	150	192	1.58205e+11	3840	78.2272	7.0656	0.2622	77382.9	3840	 1116	 1116	 150	 3.44086	 3840	 192	 192	 192	 20	 3840	 3840	 320	 320	 1	 1	 1	 1	 1	 1	 1	 9	 9	 9	 3	 4
lenet	FC120	64	101	110.477	58.2178	5.26965e+08	9.84838e+09	77569.4	125	125	125	1	125	12546	294	1	1	5880	5880	5.32235e+10	5880	78.2272	64.9152	43.2837	77382.9	5880	 6272	 6272	 5880	 0.9375	 5880	 6272	 6272	 5880	 0.9375	 5880	 5880	 1	 2	 1	 1	 1	 1	 1	 1	 1	 50	 50	 50	 64	 0.4375
			17200	192.8513	62.048994	0	0	309964.3	131																																										
