Neural Network Name	 Layer Number	 NumPEs	 Runtime (Cycles)	 Activity count-based Energy (nJ)	 Throughput (MACs/Cycle)	 Throughput Per Energy (GMACs/s*J)	 Area	 Power	 NoC BW Req (Elements/cycle)	 Avg BW Req	 Peak BW Req	 Vector Width	 Offchip BW Req (Elements/cycle)	  L2 SRAM Size Req (Bytes)	 L1 SRAM Size Req (Bytes)	 Multicasting Factor (Weight)	 Multicasting Factor (Input)	 Num Total Input Pixels	 Num Total Weight Pixels	 Ops/J	 Num MACs	 PE power	 L1 power	 L2 power	 NOC power	 input l1 read	 input l1 write	 input l2 read	 input l2 write	 input reuse factor	filter l1 read	 filter l1 write	 filter l2 read	 filter l2 write	 filter reuse factor	output l1 read	 output l1 write	 output l2 read	 output l2 write	 output reuse factor	Ingress Delay (Min)	 Ingress Delay (Max)	 Ingress Delay (Avg)	 Egress Delay (Min)	 Egress Delay (Max)	  Egress Delay (Avg)	Compute Delay (Min)	 Compute Delay (Min)	 Compute Delay (Avg)	Avg number of utilized PEs	 Arithmetic Intensity
lenet	CONV1	256	2049	13.1576	0.499756	3.79822e+07	3.85362e+10	302937	1	0.499023	1	1	1	6	6	1	1	1024	1	7.78255e+10	1024	312.909	5.2992	0.0207	302619	1024	 1024	 1024	 1024	 1	 1024	 1	 1	 1	 1024	 1024	 1024	 1024	 1024	 1	 1	 1	 1	 1	 1	 1	 2	 2	 2	 1	 1
lenet	CONV2	256	4537	31.5556	1.99956	6.33662e+07	3.85362e+10	302942	3	1.00066	3	1	3	28	12	1	1	784	12	2.87492e+11	9072	312.909	10.5984	0.0966	302619	9072	 1566	 1566	 784	 5.7931	 9072	 12	 12	 12	 756	 9072	 9072	 4536	 4536	 1	 1	 1	 1	 1	 1	 1	 3	 3	 3	 3	 8
lenet	CONV3	256	361	19.5195	10.6371	5.44948e+08	3.85362e+10	302961	12	1.4	12	1	12	232	32	1	1	150	192	1.96726e+11	3840	312.909	28.2624	0.8004	302619	3840	 288	 288	 150	 13.3333	 3840	 192	 192	 192	 20	 3840	 3840	 320	 320	 1	 1	 1	 1	 1	 1	 1	 9	 9	 9	 12	 16
lenet	FC120	256	101	110.158	58.2178	5.28496e+08	3.85362e+10	303234	125	125	125	1	125	12546	294	1	1	5880	5880	5.33781e+10	5880	312.909	259.661	43.2837	302619	5880	 6272	 6272	 5880	 0.9375	 5880	 6272	 6272	 5880	 0.9375	 5880	 5880	 1	 2	 1	 1	 1	 1	 1	 1	 1	 50	 50	 50	 64	 0.4375
			7048	174.3907	71.354216	0	0	1212074	141	127.899683																																									
